TrackNumber, Status
JT5370422440981, tovar pribyl v Arena Cargo
464331702084874, tovar pribyl v Arena Cargo
JT5368555665809, tovar pribyl v Arena Cargo
78498296955681, tovar pribyl v Arena Cargo
YT8754053792744, tovar pribyl v Arena Cargo
9806520322698, tovar pribyl v Arena Cargo
464329145367844, tovar pribyl v Arena Cargo
78498197667074, tovar pribyl v Arena Cargo
464335066900515, tovar pribyl v Arena Cargo
464338871689108, tovar pribyl v Arena Cargo
9806518002707, tovar pribyl v Arena Cargo
464334993943508, tovar pribyl v Arena Cargo
YT8753695778848, tovar pribyl v Arena Cargo
777298206871655, tovar pribyl v Arena Cargo
JT5368506463929, tovar pribyl v Arena Cargo
YT8754214658816, tovar pribyl v Arena Cargo
78498454852124, tovar pribyl v Arena Cargo
YT8753873329938, tovar pribyl v Arena Cargo
JT5368088554898, tovar pribyl v Arena Cargo
78498454776753, tovar pribyl v Arena Cargo
464330767176559, tovar pribyl v Arena Cargo
YT8754502983309, tovar pribyl v Arena Cargo
YT8754693277946, tovar pribyl v Arena Cargo
464324529048639, tovar pribyl v Arena Cargo
JT5369326114118, tovar pribyl v Arena Cargo
464337047139679, tovar pribyl v Arena Cargo
464328685867730, tovar pribyl v Arena Cargo
78498915883664, tovar pribyl v Arena Cargo
777299451078338, tovar pribyl v Arena Cargo
78497463151100, tovar pribyl v Arena Cargo
464333112080825, tovar pribyl v Arena Cargo
YT8754629678331, tovar pribyl v Arena Cargo
464340332412674, tovar pribyl v Arena Cargo
464326062976477, tovar pribyl v Arena Cargo
78497004661012, tovar pribyl v Arena Cargo
YT8753181208086, tovar pribyl v Arena Cargo
78497280962317, tovar pribyl v Arena Cargo
464338383798119, tovar pribyl v Arena Cargo
777298131058839, tovar pribyl v Arena Cargo
464338423512718, tovar pribyl v Arena Cargo
464326303702820, tovar pribyl v Arena Cargo
YT8754270781394, tovar pribyl v Arena Cargo
JT5367757559711, tovar pribyl v Arena Cargo
YT8754299955118, tovar pribyl v Arena Cargo
78497238461314, tovar pribyl v Arena Cargo
777298320420783, tovar pribyl v Arena Cargo
YT8753246980386, tovar pribyl v Arena Cargo
YT8753981730567, tovar pribyl v Arena Cargo
YT8753984813854, tovar pribyl v Arena Cargo
YT8754379726067, tovar pribyl v Arena Cargo
777299688953039, tovar pribyl v Arena Cargo
JT5369118213545, tovar pribyl v Arena Cargo
777299451482780, tovar pribyl v Arena Cargo
YT8754240614611, tovar pribyl v Arena Cargo
JT5371111566776, tovar pribyl v Arena Cargo
777298384413617, tovar pribyl v Arena Cargo
78497007662271, tovar pribyl v Arena Cargo
78497376675896, tovar pribyl v Arena Cargo
JT5369333679846, tovar pribyl v Arena Cargo
JT5368059946152, tovar pribyl v Arena Cargo
777298509763426, tovar pribyl v Arena Cargo
777298508153710, tovar pribyl v Arena Cargo
78498211180023, tovar pribyl v Arena Cargo
78497392685381, tovar pribyl v Arena Cargo
YT8753246968368, tovar pribyl v Arena Cargo
78497226816086, tovar pribyl v Arena Cargo
YT8757720589315, tovar pribyl v Arena Cargo
777303297647926, tovar pribyl v Arena Cargo
SF3166529253786, tovar pribyl v Arena Cargo
SF3166529753759, tovar pribyl v Arena Cargo
SF3182111013196, tovar pribyl v Arena Cargo
777302375114550, tovar pribyl v Arena Cargo
YT8757949521163, tovar pribyl v Arena Cargo
78501285251246, tovar pribyl v Arena Cargo
78501497986524, tovar pribyl v Arena Cargo
464359901199454, tovar pribyl v Arena Cargo
901538014291, tovar pribyl v Arena Cargo
464366962152303, tovar pribyl v Arena Cargo
JT5372963427935, tovar pribyl v Arena Cargo
777302392731697, tovar pribyl v Arena Cargo
464367917120872, tovar pribyl v Arena Cargo
464368769891259, tovar pribyl v Arena Cargo
YT8757567895095, tovar pribyl v Arena Cargo
YT8758132832576, tovar pribyl v Arena Cargo
78501725847970, tovar pribyl v Arena Cargo
YT7541444174334, tovar pribyl v Arena Cargo
777302305320131, tovar pribyl v Arena Cargo
JT5372185515599, tovar pribyl v Arena Cargo
78500971342326, tovar pribyl v Arena Cargo
YT8757760651865, tovar pribyl v Arena Cargo
9806840512157, tovar pribyl v Arena Cargo
777302300209366, tovar pribyl v Arena Cargo
773352094074238, tovar pribyl v Arena Cargo
78500895128430, tovar pribyl v Arena Cargo
JT5372260068509, tovar pribyl v Arena Cargo
9806784091430, tovar pribyl v Arena Cargo
78501077514136, tovar pribyl v Arena Cargo
JT0016324710806, tovar pribyl v Arena Cargo
JT5373470813282, tovar pribyl v Arena Cargo
78501600535649, tovar pribyl v Arena Cargo
YT8758090731562, tovar pribyl v Arena Cargo
78501101966653, tovar pribyl v Arena Cargo
777302322592117, tovar pribyl v Arena Cargo
9806748268597, tovar pribyl v Arena Cargo
YT8757668394440, tovar pribyl v Arena Cargo
YT8758058704007, tovar pribyl v Arena Cargo
777302301690817, tovar pribyl v Arena Cargo
JT5372596355200, tovar pribyl v Arena Cargo
YT8757599390395, tovar pribyl v Arena Cargo
773351993244308, tovar pribyl v Arena Cargo
464362130462782, tovar pribyl v Arena Cargo
434550183310597, tovar pribyl v Arena Cargo
JT5372574900498, tovar pribyl v Arena Cargo
78500977544818, tovar pribyl v Arena Cargo
777302317996960, tovar pribyl v Arena Cargo
JT5372628682556, tovar pribyl v Arena Cargo
464361497289827, tovar pribyl v Arena Cargo
777302149311976, tovar pribyl v Arena Cargo
78501072950890, tovar pribyl v Arena Cargo
YT8757581702304, tovar pribyl v Arena Cargo
YT8758118269800, tovar pribyl v Arena Cargo
JT5372237529577, tovar pribyl v Arena Cargo
78500930277563, tovar pribyl v Arena Cargo
78500874318134, tovar pribyl v Arena Cargo
777302414133664, tovar pribyl v Arena Cargo
12504280023, tovar pribyl v Arena Cargo
YT8758120221492, tovar pribyl v Arena Cargo
78500896547933, tovar pribyl v Arena Cargo
JT5372938556498, tovar pribyl v Arena Cargo
434545558497037, tovar pribyl v Arena Cargo
777302618998493, tovar pribyl v Arena Cargo
JT5372589162158, tovar pribyl v Arena Cargo
YT8758053828836, tovar pribyl v Arena Cargo
JT5372629709952, tovar pribyl v Arena Cargo
SF3179289177362, tovar pribyl v Arena Cargo
777302290589310, tovar pribyl v Arena Cargo
SF3179885177767, tovar pribyl v Arena Cargo
9806786825852, tovar pribyl v Arena Cargo
464371426393327, tovar pribyl v Arena Cargo
464366389721869, tovar pribyl v Arena Cargo
464365941226486, tovar pribyl v Arena Cargo
JT5373758598268, tovar pribyl v Arena Cargo
JT5373732935154, tovar pribyl v Arena Cargo
777302530892675, tovar pribyl v Arena Cargo
9806809264498, tovar pribyl v Arena Cargo
SF3179581177562, tovar pribyl v Arena Cargo
777303330437519, tovar pribyl v Arena Cargo
SF3169529353735, tovar pribyl v Arena Cargo
SF3163520853771, tovar pribyl v Arena Cargo
78501638660298, tovar pribyl v Arena Cargo
SF3169529053734, tovar pribyl v Arena Cargo
YT8758817160040, tovar pribyl v Arena Cargo
78501666093886, tovar pribyl v Arena Cargo
78501367327392, tovar pribyl v Arena Cargo
YT8759001330320, tovar pribyl v Arena Cargo
JT5373306683820, tovar pribyl v Arena Cargo
464372285474482, tovar pribyl v Arena Cargo
78501377544962, tovar pribyl v Arena Cargo
777302556812248, tovar pribyl v Arena Cargo
78902018188706, tovar pribyl v Arena Cargo
YT8758604109320, tovar pribyl v Arena Cargo
777302495236995, tovar pribyl v Arena Cargo
78501898844770, tovar pribyl v Arena Cargo
464362566519354, tovar pribyl v Arena Cargo
YT8758950487194, tovar pribyl v Arena Cargo
78501522208660, tovar pribyl v Arena Cargo
78501428264971, tovar pribyl v Arena Cargo
78501375428535, tovar pribyl v Arena Cargo
464371951285401, tovar pribyl v Arena Cargo
JT5372986679336, tovar pribyl v Arena Cargo
YT8758673331196, tovar pribyl v Arena Cargo
78501728280249, tovar pribyl v Arena Cargo
777303314139389, tovar pribyl v Arena Cargo
78900256261927, tovar pribyl v Arena Cargo
78899026907555, tovar pribyl v Arena Cargo
78500523020487, tovar pribyl v Arena Cargo
JDX038930708353, tovar pribyl v Arena Cargo
464350258797527, tovar pribyl v Arena Cargo
YT7540984162766, tovar pribyl v Arena Cargo
78900724182495, tovar pribyl v Arena Cargo
777301090814321, tovar pribyl v Arena Cargo
78900724733759, tovar pribyl v Arena Cargo
YT8756750245756, tovar pribyl v Arena Cargo
YT8756490272326, tovar pribyl v Arena Cargo
464354938121739, tovar pribyl v Arena Cargo
777300146511470, tovar pribyl v Arena Cargo
464347341716949, tovar pribyl v Arena Cargo
464348779998204, tovar pribyl v Arena Cargo
78499421578455, tovar pribyl v Arena Cargo
9806663633914, tovar pribyl v Arena Cargo
SF3164114091669, tovar pribyl v Arena Cargo
777300610258598, tovar pribyl v Arena Cargo
YT8756409981578, tovar pribyl v Arena Cargo
JT5371187023009, tovar pribyl v Arena Cargo
777300873244682, tovar pribyl v Arena Cargo
464349818844764, tovar pribyl v Arena Cargo
JT5370709045739, tovar pribyl v Arena Cargo
777301177073849, tovar pribyl v Arena Cargo
YT8755135636608, tovar pribyl v Arena Cargo
78900705587648, tovar pribyl v Arena Cargo
YT2550482703933, tovar pribyl v Arena Cargo
78499352484999, tovar pribyl v Arena Cargo
464355001844486, tovar pribyl v Arena Cargo
JT5371287322632, tovar pribyl v Arena Cargo
777301541699950, tovar pribyl v Arena Cargo
464351138022603, tovar pribyl v Arena Cargo
78500217070375, tovar pribyl v Arena Cargo
78500217082186, tovar pribyl v Arena Cargo
JT5370967192734, tovar pribyl v Arena Cargo
JT5370801854435, tovar pribyl v Arena Cargo
777300518316707, tovar pribyl v Arena Cargo
464343188668738, tovar pribyl v Arena Cargo
777300153907799, tovar pribyl v Arena Cargo
777300524579269, tovar pribyl v Arena Cargo
YT8757247578410, tovar pribyl v Arena Cargo
78499891052612, tovar pribyl v Arena Cargo
YT8755952053626, tovar pribyl v Arena Cargo
9806663706195, tovar pribyl v Arena Cargo
464349477728271, tovar pribyl v Arena Cargo
777300092085144, tovar pribyl v Arena Cargo
YT8755755929681, tovar pribyl v Arena Cargo
78499780580263, tovar pribyl v Arena Cargo
9806605289820, tovar pribyl v Arena Cargo
JT5372107315915, tovar pribyl v Arena Cargo
SF3173296813391, tovar tovar pribyl v Arena Cargo
9806914139517, tovar tovar pribyl v Arena Cargo
JT5374635493715, tovar tovar pribyl v Arena Cargo
9806915027850, tovar tovar pribyl v Arena Cargo
YT7542841145127, tovar tovar pribyl v Arena Cargo
JT5374680336089, tovar tovar pribyl v Arena Cargo
78503007561646, tovar tovar pribyl v Arena Cargo
YT8759181304818, tovar tovar pribyl v Arena Cargo
777304072101342, tovar tovar pribyl v Arena Cargo
JT5375794784380, tovar tovar pribyl v Arena Cargo
777303423258014, tovar tovar pribyl v Arena Cargo
JT5374055788138, tovar tovar pribyl v Arena Cargo
777304215061140, tovar tovar pribyl v Arena Cargo
78502842952487, tovar tovar pribyl v Arena Cargo
9806952458842, tovar tovar pribyl v Arena Cargo
777303996398900, tovar tovar pribyl v Arena Cargo
464369027243125, tovar tovar pribyl v Arena Cargo
78502083190686, tovar tovar pribyl v Arena Cargo
777303739926523, tovar tovar pribyl v Arena Cargo
JT5374765333900, tovar tovar pribyl v Arena Cargo
777304308340959, tovar tovar pribyl v Arena Cargo
YT8760247306909, tovar tovar pribyl v Arena Cargo
78503101860735, tovar tovar pribyl v Arena Cargo
YT7543161013864, tovar tovar pribyl v Arena Cargo
78502454884867, tovar tovar pribyl v Arena Cargo
777303353901887, tovar tovar pribyl v Arena Cargo
9806949888010, tovar tovar pribyl v Arena Cargo
8760116676685, tovar tovar pribyl v Arena Cargo
YT8760116676685, tovar tovar pribyl v Arena Cargo
464369030932358, tovar tovar pribyl v Arena Cargo
464382513335754, tovar tovar pribyl v Arena Cargo
78502133620114, tovar tovar pribyl v Arena Cargo
9806899041724, tovar tovar pribyl v Arena Cargo
JT5374434442800, tovar tovar pribyl v Arena Cargo
JT5373136006688, tovar tovar pribyl v Arena Cargo
777303284272016, tovar tovar pribyl v Arena Cargo
78502078536463, tovar tovar pribyl v Arena Cargo
YT8760040096670, tovar tovar pribyl v Arena Cargo
78502144901749, tovar tovar pribyl v Arena Cargo
78502171337145, tovar tovar pribyl v Arena Cargo
JT5374338336010, tovar tovar pribyl v Arena Cargo
78502103811861, tovar tovar pribyl v Arena Cargo
9806906477150, tovar tovar pribyl v Arena Cargo
JT5374036128266, tovar tovar pribyl v Arena Cargo
9806896656349, tovar tovar pribyl v Arena Cargo
777303844297113, tovar tovar pribyl v Arena Cargo
777303973500777, tovar tovar pribyl v Arena Cargo
464375104988328, tovar tovar pribyl v Arena Cargo
78502190537456, tovar tovar pribyl v Arena Cargo
78502383842958, tovar tovar pribyl v Arena Cargo
464370128239794, tovar tovar pribyl v Arena Cargo
773353055211190, tovar tovar pribyl v Arena Cargo
9806874251154, tovar tovar pribyl v Arena Cargo
78502024466728, tovar tovar pribyl v Arena Cargo
9806879921709, tovar tovar pribyl v Arena Cargo
YT8760263689026, tovar tovar pribyl v Arena Cargo
464369399494383, tovar tovar pribyl v Arena Cargo
YT8758530006540, tovar tovar pribyl v Arena Cargo
YT8758394334319, tovar tovar pribyl v Arena Cargo
777303612140350, tovar tovar pribyl v Arena Cargo
JT5374106766291, tovar tovar pribyl v Arena Cargo
464369927291993, tovar tovar pribyl v Arena Cargo
YT8759322137064, tovar tovar pribyl v Arena Cargo
78502275551926, tovar tovar pribyl v Arena Cargo
464369145469730, tovar tovar pribyl v Arena Cargo
777303845159499, tovar tovar pribyl v Arena Cargo
464383579640968, tovar tovar pribyl v Arena Cargo
YT8759279111548, tovar tovar pribyl v Arena Cargo
YT8759586696873, tovar tovar pribyl v Arena Cargo
464374761177083, tovar tovar pribyl v Arena Cargo
464375328056722, tovar tovar pribyl v Arena Cargo
YT8759200822095, tovar tovar pribyl v Arena Cargo
9806875337318, tovar tovar pribyl v Arena Cargo
78502661168283, tovar tovar pribyl v Arena Cargo
JT5374012713347, tovar tovar pribyl v Arena Cargo
YT8759129436845, tovar tovar pribyl v Arena Cargo
YT8758469330541, tovar tovar pribyl v Arena Cargo
JT5373421017088, tovar tovar pribyl v Arena Cargo
78503209863286, tovar tovar pribyl v Arena Cargo
777303857818009, tovar tovar pribyl v Arena Cargo
YT8758596494387, tovar tovar pribyl v Arena Cargo
777303873432908, tovar tovar pribyl v Arena Cargo
YT8758521515837, tovar tovar pribyl v Arena Cargo
YT8758487764290, tovar tovar pribyl v Arena Cargo
9806879797138, tovar tovar pribyl v Arena Cargo
464370236752663, tovar tovar pribyl v Arena Cargo
9806896789301, tovar tovar pribyl v Arena Cargo
9806933008165, tovar tovar pribyl v Arena Cargo
78502144936220, tovar tovar pribyl v Arena Cargo
78502172871056, tovar tovar pribyl v Arena Cargo
JT5374289657058, tovar tovar pribyl v Arena Cargo
464369908763453, tovar tovar pribyl v Arena Cargo
777304145376446, tovar tovar pribyl v Arena Cargo
777304515192494, tovar tovar pribyl v Arena Cargo
JT5374352190738, tovar tovar pribyl v Arena Cargo
JT5373826531512, tovar tovar pribyl v Arena Cargo
78502084803207, tovar tovar pribyl v Arena Cargo
78502571169666, tovar tovar pribyl v Arena Cargo
YT8763704353160, tovar pribyl v Arena Cargo
YT8763752565399, tovar pribyl v Arena Cargo
JT5378986705561, tovar pribyl v Arena Cargo
78506641262002, tovar pribyl v Arena Cargo
78907339735086, tovar pribyl v Arena Cargo
YT8762020787569, tovar pribyl v Arena Cargo
JT5378035936552, tovar pribyl v Arena Cargo
773355055746530, tovar pribyl v Arena Cargo
777306841745239, tovar pribyl v Arena Cargo
78505433655872, tovar pribyl v Arena Cargo
464407031351604, tovar pribyl v Arena Cargo
JT5378986133165, tovar pribyl v Arena Cargo
YT7546150111295, tovar pribyl v Arena Cargo
JT5377683175622, tovar pribyl v Arena Cargo
YT8762962992221, tovar pribyl v Arena Cargo
78506618914595, tovar pribyl v Arena Cargo
YT8763378169832, tovar pribyl v Arena Cargo
777307431632723, tovar pribyl v Arena Cargo
78506389350195, tovar pribyl v Arena Cargo
78506403184626, tovar pribyl v Arena Cargo
78506139211281, tovar pribyl v Arena Cargo
YT8763292822653, tovar pribyl v Arena Cargo
777307658402978, tovar pribyl v Arena Cargo
464405738179804, tovar pribyl v Arena Cargo
9806783137521, tovar pribyl v Arena Cargo
777307342244168, tovar pribyl v Arena Cargo
777306703853745, tovar pribyl v Arena Cargo
78504111720445, tovar pribyl v Arena Cargo
773355055361872, tovar pribyl v Arena Cargo
JT5378662980372, tovar pribyl v Arena Cargo
9807160040055, tovar pribyl v Arena Cargo
78501104385573, tovar pribyl v Arena Cargo
YT8762581063179, tovar pribyl v Arena Cargo
777308643767574, tovar pribyl v Arena Cargo
777307316515007, tovar pribyl v Arena Cargo
777307196781965, tovar pribyl v Arena Cargo
JT5375196036168, tovar pribyl v Arena Cargo
YT8757632417658, tovar pribyl v Arena Cargo
78487113470167, tovar pribyl v Arena Cargo
464389022116707, tovar pribyl v Arena Cargo
9807177888813, tovar pribyl v Arena Cargo
777306900259909, tovar pribyl v Arena Cargo
464402749757469, tovar pribyl v Arena Cargo
78506091973866, tovar pribyl v Arena Cargo
78501391671015, tovar pribyl v Arena Cargo
464407802968484, tovar pribyl v Arena Cargo
YT8762545104339, tovar pribyl v Arena Cargo
777306675656178, tovar pribyl v Arena Cargo
78500963759609, tovar pribyl v Arena Cargo
9807175004211, tovar pribyl v Arena Cargo
JT5377501584828, tovar pribyl v Arena Cargo
777305407021875, tovar pribyl v Arena Cargo
9807055777688, tovar pribyl v Arena Cargo
464381444869542, tovar pribyl v Arena Cargo
78506599060215, tovar pribyl v Arena Cargo
78504387969243, tovar pribyl v Arena Cargo
YT8761059570193, tovar pribyl v Arena Cargo
777304723762037, tovar pribyl v Arena Cargo
JT5375613772460, tovar pribyl v Arena Cargo
YT8761271971826, tovar pribyl v Arena Cargo
78504110988837, tovar pribyl v Arena Cargo
9807104427682, tovar pribyl v Arena Cargo
464393041677969, tovar pribyl v Arena Cargo
464392042896039, tovar pribyl v Arena Cargo
78504204179276, tovar pribyl v Arena Cargo
777304857009110, tovar pribyl v Arena Cargo
78486913345440, tovar pribyl v Arena Cargo
464383070472040, tovar pribyl v Arena Cargo
464383841128668, tovar pribyl v Arena Cargo
JT5375319019702, tovar pribyl v Arena Cargo
YT8759880800288, tovar pribyl v Arena Cargo
SF3174777005692, tovar pribyl v Arena Cargo
78506237876658, tovar pribyl v Arena Cargo
YT8761691286805, tovar pribyl v Arena Cargo
777306645716022, tovar pribyl v Arena Cargo
JT5378441849178, tovar pribyl v Arena Cargo
YT8762429866272, tovar pribyl v Arena Cargo
9806983327246, tovar pribyl v Arena Cargo
464387733596807, tovar pribyl v Arena Cargo
YT8761522819491, tovar pribyl v Arena Cargo
9807056530516, tovar pribyl v Arena Cargo
JT5377453751978, tovar pribyl v Arena Cargo
9807012852242, tovar pribyl v Arena Cargo
YT8761672155186, tovar pribyl v Arena Cargo
78505071312687, tovar pribyl v Arena Cargo
YT8761350387827, tovar pribyl v Arena Cargo
777306902812231, tovar pribyl v Arena Cargo
777304778590465, tovar pribyl v Arena Cargo
YT8763884102899, tovar pribyl v Arena Cargo
JT5377449259000, tovar pribyl v Arena Cargo
YT8763900377470, tovar pribyl v Arena Cargo
9806989277298, tovar pribyl v Arena Cargo
JT5375454035028, tovar pribyl v Arena Cargo
777305983639894, tovar pribyl v Arena Cargo
464385073624561, tovar pribyl v Arena Cargo
464401479372520, tovar pribyl v Arena Cargo
78503333939005, tovar pribyl v Arena Cargo
9806993742585, tovar pribyl v Arena Cargo
78907378453406, tovar pribyl v Arena Cargo
YT8761567635436, tovar pribyl v Arena Cargo
464401892280561, tovar pribyl v Arena Cargo
460501892233561, tovar pribyl v Arena Cargo
777304475282205, tovar pribyl v Arena Cargo
78500990753936, tovar pribyl v Arena Cargo
YT8761908963297, tovar pribyl v Arena Cargo
9807071902224, tovar pribyl v Arena Cargo
JT5378101840063, tovar pribyl v Arena Cargo
JT5376337158473, tovar pribyl v Arena Cargo
9807174455546, tovar pribyl v Arena Cargo
JT5379878297157, tovar pribyl v Arena Cargo
JT5380633364512, tovar pribyl v Arena Cargo
777308840932934, tovar pribyl v Arena Cargo
464424148328107, tovar pribyl v Arena Cargo
JT5380602246247, tovar pribyl v Arena Cargo
9807357813078, tovar pribyl v Arena Cargo
777308858373563, tovar pribyl v Arena Cargo
JT5380483621389, tovar pribyl v Arena Cargo
9807281670024, tovar pribyl v Arena Cargo
777307548452273, tovar pribyl v Arena Cargo
JT5380288378830, tovar pribyl v Arena Cargo
9807282312950, tovar pribyl v Arena Cargo
464418571151839, tovar pribyl v Arena Cargo
YT8764839881410, tovar pribyl v Arena Cargo
78507250764332, tovar pribyl v Arena Cargo
JT5379195775488, tovar pribyl v Arena Cargo
777310015322299, tovar pribyl v Arena Cargo
YT8765730539273, tovar pribyl v Arena Cargo
78502705953431, tovar pribyl v Arena Cargo
JT5380411496001, tovar pribyl v Arena Cargo
464420358279468, tovar pribyl v Arena Cargo
78507043126445, tovar pribyl v Arena Cargo
JT5379437420635, tovar pribyl v Arena Cargo
464425934888780, tovar pribyl v Arena Cargo
777309316559264, tovar pribyl v Arena Cargo
777308958802520, tovar pribyl v Arena Cargo
777308657850749, tovar pribyl v Arena Cargo
JT5376734981397, tovar pribyl v Arena Cargo
JT5379988739213, tovar pribyl v Arena Cargo
YT8765402070884, tovar pribyl v Arena Cargo
777309993399187, tovar pribyl v Arena Cargo
JT5380664767228, tovar pribyl v Arena Cargo
JT5379951054450, tovar pribyl v Arena Cargo
JT5379987016848, tovar pribyl v Arena Cargo
YT8765245837385, tovar pribyl v Arena Cargo
464397658364714, tovar pribyl v Arena Cargo
YT8765687262927, tovar pribyl v Arena Cargo
78507814210197, tovar pribyl v Arena Cargo
9807359528701, tovar pribyl v Arena Cargo
JT5380531067747, tovar pribyl v Arena Cargo
JT5380495950310, tovar pribyl v Arena Cargo
777309319021374, tovar pribyl v Arena Cargo
78507068355096, tovar pribyl v Arena Cargo
78507216501272, tovar pribyl v Arena Cargo
9807357530612, tovar pribyl v Arena Cargo
777308986536335, tovar pribyl v Arena Cargo
78506608196851, tovar pribyl v Arena Cargo
JT5380410985747, tovar pribyl v Arena Cargo
777308749530565, tovar pribyl v Arena Cargo
YT8764566139617, tovar pribyl v Arena Cargo
777309340348921, tovar pribyl v Arena Cargo
777302990055454, tovar pribyl v Arena Cargo
JT5380621671545, tovar pribyl v Arena Cargo
YT8763929673041, tovar pribyl v Arena Cargo
9807259728221, tovar pribyl v Arena Cargo
YT8764595366035, tovar pribyl v Arena Cargo
YT8764010333596, tovar pribyl v Arena Cargo
YT8763949690299, tovar pribyl v Arena Cargo
YT8764553870545, tovar pribyl v Arena Cargo
777307605849967, tovar pribyl v Arena Cargo
YT8764587115924, tovar pribyl v Arena Cargo
777308890150758, tovar pribyl v Arena Cargo
9807280671208, tovar pribyl v Arena Cargo
YT8764289107861, tovar pribyl v Arena Cargo
JT5379443638956, tovar pribyl v Arena Cargo
JT5380363166810, tovar pribyl v Arena Cargo
YT8764687778429, tovar pribyl v Arena Cargo
78507064430066, tovar pribyl v Arena Cargo
JT5379499294480, tovar pribyl v Arena Cargo
464416381721491, tovar pribyl v Arena Cargo
YT8764632442984, tovar pribyl v Arena Cargo
JT5380181229108, tovar pribyl v Arena Cargo
464416820272301, tovar pribyl v Arena Cargo
YT8764440657644, tovar pribyl v Arena Cargo
78506540504391, tovar pribyl v Arena Cargo
78507017524456, tovar pribyl v Arena Cargo
777308332059595, tovar pribyl v Arena Cargo
YT8764873714620, tovar pribyl v Arena Cargo
YT8764175640173, tovar pribyl v Arena Cargo
777308653898595, tovar pribyl v Arena Cargo
777308649895552, tovar pribyl v Arena Cargo
777309920143983, tovar pribyl v Arena Cargo
464418621455987, tovar pribyl v Arena Cargo
9807354942678, tovar pribyl v Arena Cargo
9807248532629, tovar pribyl v Arena Cargo
78506991609948, tovar pribyl v Arena Cargo
777306361538360, tovar pribyl v Arena Cargo
78507064397216, tovar pribyl v Arena Cargo
YT8764312727291, tovar pribyl v Arena Cargo
464417257748374, tovar pribyl v Arena Cargo
777308459813906, tovar pribyl v Arena Cargo
777309013877289, tovar pribyl v Arena Cargo
777308237932289, tovar pribyl v Arena Cargo
JT5379864181803, tovar pribyl v Arena Cargo
777308656181724, tovar pribyl v Arena Cargo
JT5379592688159, tovar pribyl v Arena Cargo
JT5379739709871, tovar pribyl v Arena Cargo
464419610064005, tovar pribyl v Arena Cargo
464420742885680, tovar pribyl v Arena Cargo
78507064387480, tovar pribyl v Arena Cargo
78507437054450, tovar pribyl v Arena Cargo
JT5379401132530, tovar pribyl v Arena Cargo
JT5379409881228, tovar pribyl v Arena Cargo
YT8764644562562, tovar pribyl v Arena Cargo
YT8764962252639, tovar pribyl v Arena Cargo
78507257410846, tovar pribyl v Arena Cargo
78911435214702,tovar v puti Guanzhou Almaty
78911435452882,tovar v puti Guanzhou Almaty
78911434054937,tovar v puti Guanzhou Almaty
78911434205805,tovar v puti Guanzhou Almaty
777312042403325,tovar v puti Guanzhou Almaty
78509711143571,tovar v puti Guanzhou Almaty
YT8766952733304,tovar v puti Guanzhou Almaty
777311111940500,tovar v puti Guanzhou Almaty
YT8766713873872,tovar v puti Guanzhou Almaty
9807492063669,tovar v puti Guanzhou Almaty
777310881639672,tovar v puti Guanzhou Almaty
78509163260048,tovar v puti Guanzhou Almaty
78509375062792,tovar v puti Guanzhou Almaty
JT5383015958171,tovar v puti Guanzhou Almaty
YT8767541419054,tovar v puti Guanzhou Almaty
78509167526876,tovar v puti Guanzhou Almaty
78509024168558,tovar v puti Guanzhou Almaty
JT5382666184732,tovar v puti Guanzhou Almaty
78509922110159,tovar v puti Guanzhou Almaty
464389106239615,tovar v puti Guanzhou Almaty
JT5383136887481,tovar v puti Guanzhou Almaty
464447077992382,tovar v puti Guanzhou Almaty
YT8767663140058,tovar v puti Guanzhou Almaty
78509235854058,tovar v puti Guanzhou Almaty
YT8767740647036,tovar v puti Guanzhou Almaty
78509184616886,tovar v puti Guanzhou Almaty
YT8767700693956,tovar v puti Guanzhou Almaty
464438588576284,tovar v puti Guanzhou Almaty
78508251695568,tovar v puti Guanzhou Almaty
JT5382175691881,tovar v puti Guanzhou Almaty
777310114388159,tovar v puti Guanzhou Almaty
JT5381789040842,tovar v puti Guanzhou Almaty
YT8767623775117,tovar v puti Guanzhou Almaty
YT8766594273321,tovar v puti Guanzhou Almaty
JT5381924659804,tovar v puti Guanzhou Almaty
464442865228170,tovar v puti Guanzhou Almaty
777310710599456,tovar v puti Guanzhou Almaty
78509425634238,tovar v puti Guanzhou Almaty
YT8767194249727,tovar v puti Guanzhou Almaty
78509095433140,tovar v puti Guanzhou Almaty
YT8767046255632,tovar v puti Guanzhou Almaty
78508872393447,tovar v puti Guanzhou Almaty
YT8767058810340,tovar v puti Guanzhou Almaty
464431807032230,tovar v puti Guanzhou Almaty
464407807032231508,tovar v puti Guanzhou Almaty
JT5382177670095,tovar v puti Guanzhou Almaty
78508294657145,tovar v puti Guanzhou Almaty
78509253635248,tovar v puti Guanzhou Almaty
777311272281619,tovar v puti Guanzhou Almaty
YT8766825205422,tovar v puti Guanzhou Almaty
JT5382194631831,tovar v puti Guanzhou Almaty
JT5382894427409,tovar v puti Guanzhou Almaty
JT5382297669999,tovar v puti Guanzhou Almaty
9807449561937,tovar v puti Guanzhou Almaty
464439984523631,tovar v puti Guanzhou Almaty
JT5381858599499,tovar v puti Guanzhou Almaty
JT5381927962304,tovar v puti Guanzhou Almaty
434597113041952,tovar v puti Guanzhou Almaty
JT5381589280008,tovar v puti Guanzhou Almaty
YT8765163003097,tovar v puti Guanzhou Almaty
464364854799396,tovar v puti Guanzhou Almaty
JT5381912417670,tovar v puti Guanzhou Almaty
9807504810126,tovar v puti Guanzhou Almaty
JT5382029407609,tovar v puti Guanzhou Almaty
78509506089892,tovar v puti Guanzhou Almaty
JT5381214658878,tovar v puti Guanzhou Almaty
464435624462531,tovar v puti Guanzhou Almaty
78509071620780,tovar v puti Guanzhou Almaty
464440306916752,tovar v puti Guanzhou Almaty
JT5381884191730,tovar v puti Guanzhou Almaty
464437483974130,tovar v puti Guanzhou Almaty
JT5382458657427,tovar v puti Guanzhou Almaty
9807465122642,tovar v puti Guanzhou Almaty
9807452595405,tovar v puti Guanzhou Almaty
YT8766328722129,tovar v puti Guanzhou Almaty
JT5382045409632,tovar v puti Guanzhou Almaty
JT5381986187697,tovar v puti Guanzhou Almaty
777310170109082,tovar v puti Guanzhou Almaty
777311080740400,tovar v puti Guanzhou Almaty
9807331763464,tovar v puti Guanzhou Almaty
JT5381045236865,tovar v puti Guanzhou Almaty
777310349637906,tovar v puti Guanzhou Almaty
777310948436867,tovar v puti Guanzhou Almaty
JT5382294860644,tovar v puti Guanzhou Almaty
JT5381483750574,tovar v puti Guanzhou Almaty
464423361668221,tovar v puti Guanzhou Almaty
78508351036994,tovar v puti Guanzhou Almaty
JT5382462399219,tovar v puti Guanzhou Almaty
YT8766588647859,tovar v puti Guanzhou Almaty
78508995464226,tovar v puti Guanzhou Almaty
464437187230095,tovar v puti Guanzhou Almaty
777311078060238,tovar v puti Guanzhou Almaty
JT5376281974637,tovar v puti Guanzhou Almaty
777313286542875,tovar v puti Guanzhou Almaty
JT5384343395513,tovar v puti Guanzhou Almaty
78510662884736,tovar v puti Guanzhou Almaty
464457064249479,tovar v puti Guanzhou Almaty
YT8768523571719,tovar v puti Guanzhou Almaty
9807636909777,tovar v puti Guanzhou Almaty
JT5384305441379,tovar v puti Guanzhou Almaty
JT5384796474192,tovar v puti Guanzhou Almaty
78510485572838,tovar v puti Guanzhou Almaty
YT8768054884469,tovar v puti Guanzhou Almaty
JT5383826030666,tovar v puti Guanzhou Almaty
78912515490462,tovar v puti Guanzhou Almaty
JT5383204364131,tovar v puti Guanzhou Almaty
YT8768013602954,tovar v puti Guanzhou Almaty
9807526187253,tovar v puti Guanzhou Almaty
YT8767969389270,tovar v puti Guanzhou Almaty
777312134090595,tovar v puti Guanzhou Almaty
777312159925199,tovar v puti Guanzhou Almaty
9807565862115,tovar v puti Guanzhou Almaty
JT5382576531680,tovar v puti Guanzhou Almaty
78510062120731,tovar v puti Guanzhou Almaty
78510233222870,tovar v puti Guanzhou Almaty
464453072453061,tovar v puti Guanzhou Almaty
9807545195824,tovar v puti Guanzhou Almaty
777311617869958,tovar v puti Guanzhou Almaty
464454300249675,tovar v puti Guanzhou Almaty
777311516966151,tovar v puti Guanzhou Almaty
777312102943182,tovar v puti Guanzhou Almaty
YT8769266260300,tovar v puti Guanzhou Almaty
JT5382806432234,tovar v puti Guanzhou Almaty
JT3122128838808,tovar v puti Guanzhou Almaty
773359138384621,tovar v puti Guanzhou Almaty
JT5383836109071,tovar v puti Guanzhou Almaty
9807552465006,tovar v puti Guanzhou Almaty
464457803916231,tovar v puti Guanzhou Almaty
78511025202121,tovar v puti Guanzhou Almaty
78510343749916,tovar v puti Guanzhou Almaty
9807539504524,tovar v puti Guanzhou Almaty
777312179461664,tovar v puti Guanzhou Almaty
YT8767842288780,tovar v puti Guanzhou Almaty
YT8767806430002,tovar v puti Guanzhou Almaty
JT5382706384522,tovar v puti Guanzhou Almaty
YT8767655486850,tovar v puti Guanzhou Almaty
JT5382844334110,tovar v puti Guanzhou Almaty
464455836581936,tovar v puti Guanzhou Almaty
777313108536645,tovar v puti Guanzhou Almaty
777312256537634,tovar v puti Guanzhou Almaty
78510226074753,tovar v puti Guanzhou Almaty
JT5383272574654,tovar v puti Guanzhou Almaty
9807525524508,tovar v puti Guanzhou Almaty
777312176085799,tovar v puti Guanzhou Almaty
464453679400587,tovar v puti Guanzhou Almaty
YT8768617425782,tovar v puti Guanzhou Almaty
777313070624094,tovar v puti Guanzhou Almaty
777312434484747,tovar v puti Guanzhou Almaty
78511110709101,tovar v puti Guanzhou Almaty
YT8768526391387,tovar v puti Guanzhou Almaty
777313334905366,tovar v puti Guanzhou Almaty
78511279684249,tovar v puti Guanzhou Almaty
9807545071648,tovar v puti Guanzhou Almaty
777313291878286,tovar v puti Guanzhou Almaty
YT8769247978479,tovar v puti Guanzhou Almaty
YT8768524680212,tovar v puti Guanzhou Almaty
YT8768527552226,tovar v puti Guanzhou Almaty
777313231460719,tovar v puti Guanzhou Almaty
777313320689536,tovar v puti Guanzhou Almaty
JT5384474540497,tovar v puti Guanzhou Almaty
JT5384851540847,tovar v puti Guanzhou Almaty
777313177610115,tovar v puti Guanzhou Almaty
9807535698986,tovar v puti Guanzhou Almaty
9807580405476,tovar v puti Guanzhou Almaty
YT8767531860554,tovar v puti Guanzhou Almaty
777311488565581,tovar v puti Guanzhou Almaty
YT8767692801122,tovar v puti Guanzhou Almaty
777313375414378,tovar v puti Guanzhou Almaty
464445678090067,tovar v puti Guanzhou Almaty
YT8769241580645,tovar v puti Guanzhou Almaty
9807566620200,tovar v puti Guanzhou Almaty
777312283409885,tovar v puti Guanzhou Almaty
SF3188969351414,tovar v puti Guanzhou Almaty
JT5382877743180,tovar v puti Guanzhou Almaty
JT5382584001629,tovar v puti Guanzhou Almaty
YT8767344491628,tovar v puti Guanzhou Almaty
YT8767732448061,tovar v puti Guanzhou Almaty
JT5382782971676,tovar v puti Guanzhou Almaty
464448242059094,tovar v puti Guanzhou Almaty
JT5382873239899,tovar v puti Guanzhou Almaty
777312289079650,tovar v puti Guanzhou Almaty
464444736430158,tovar v puti Guanzhou Almaty
777312083384182,tovar v puti Guanzhou Almaty
777311470622289,tovar v puti Guanzhou Almaty
78510331585156,tovar v puti Guanzhou Almaty
777311635677365,tovar v puti Guanzhou Almaty
777311407717875,tovar v puti Guanzhou Almaty
JT5382867916166,tovar v puti Guanzhou Almaty
78510196581467,tovar v puti Guanzhou Almaty
777311716676730,tovar v puti Guanzhou Almaty
9807529974781,tovar v puti Guanzhou Almaty
9807564365571,tovar v puti Guanzhou Almaty
777312175954912,tovar v puti Guanzhou Almaty
JT5384060435300,tovar v puti Guanzhou Almaty
78510180452204,tovar v puti Guanzhou Almaty
SF3188986150559,tovar v puti Guanzhou Almaty
YT8767982891545,tovar v puti Guanzhou Almaty
YT8768501158091,tovar v puti Guanzhou Almaty
